url_path,views_total,views_unique
/jonescompneurolab/hnn-core,42,16
/jonescompneurolab/hnn-core/pull/1322/changes,41,2
/jonescompneurolab/hnn-core/pull/1322,18,3
/jonescompneurolab/hnn-core/tree/master/hnn_core,9,5
/jonescompneurolab/hnn-core/pull/1227,9,3
/jonescompneurolab/hnn-core/pulls,8,4
/jonescompneurolab/hnn-core/issues,7,5
/jonescompneurolab/hnn-core/blob/master/hnn_core/gui/_viz_manager.py,6,1
/jonescompneurolab/hnn-core/pull/1322/commits,6,1
/jonescompneurolab/hnn-core/pull/1322/changes/0b402dd726ded5251bbd3cc5851aac979ca35656,5,3
